country,age_group,2000,2001,2002,2003,2004,2005,2006,2007,2008,2009,2010,2011,2012,2013,2014,2015,2016,2017,2018,2019,2020,2021
Oecd-Average,15-19,22.6,22.0,21.1,20.5,20.3,20.1,20.0,20.5,20.7,20.0,18.8,18.2,17.9,16.8,16.2,15.2,14.4,13.5,12.6,11.7,10.2,9.5
Oecd-Average,20-24,71.7,69.3,66.8,65.5,64.7,63.2,62.9,63.0,63.6,61.7,59.8,57.2,56.4,53.8,53.3,51.9,50.4,48.8,47.0,45.0,42.0,40.5
Oecd-Average,25-29,107.9,105.0,103.1,103.5,103.4,102.3,102.6,103.4,104.6,103.6,102.8,99.7,99.4,96.5,96.9,96.1,94.9,92.8,90.7,88.4,85.5,86.9
Oecd-Average,30-34,88.1,87.2,88.6,91.1,93.4,94.6,97.6,100.0,102.9,102.8,104.6,103.1,103.6,101.9,104.0,104.9,105.3,104.1,103.3,101.7,99.6,103.6
Oecd-Average,35-39,38.1,38.6,39.5,40.6,42.2,43.5,45.6,47.7,49.9,50.9,52.3,52.4,53.1,53.4,55.1,56.3,57.1,57.0,57.4,57.5,55.9,58.7
Oecd-Average,40-44,7.6,7.8,8.0,8.3,8.6,8.8,9.1,9.6,10.0,10.4,10.8,11.0,11.3,11.5,11.8,12.2,12.8,12.9,13.1,13.4,13.3,13.7
Oecd-Average,45-49,0.5,0.5,0.5,0.5,0.5,0.5,0.5,0.6,0.6,0.6,0.7,0.7,0.7,0.7,0.8,0.8,0.9,0.9,0.9,1.0,1.0,1.0
Australia,15-19,17.8,17.9,17.4,16.2,16.2,16.6,16.3,17.1,18.4,17.9,16.7,16.1,16.1,14.6,12.9,12.0,10.5,10.3,9.5,8.8,7.9,7.1
Australia,20-24,59.7,58.6,57.0,54.8,53.4,54.4,54.1,58.8,59.4,56.8,55.3,53.0,53.2,51.3,47.4,47.3,44.7,43.1,42.8,40.1,37.7,38.8
Australia,25-29,108.8,105.4,105.6,103.6,103.1,105.5,104.7,110.0,108.9,106.3,104.0,103.1,102.6,99.1,94.8,93.4,92.2,89.7,89.3,84.3,80.3,86.7
Australia,30-34,110.2,108.6,112.0,113.3,115.1,119.5,123.1,129.7,130.7,127.7,127.2,124.9,126.9,124.8,120.4,121.7,123.6,119.1,120.1,115.6,111.4,120.6
Australia,35-39,48.9,49.3,52.5,54.7,57.7,61.5,64.7,69.6,72.0,70.1,71.1,70.3,71.5,70.9,69.2,69.8,72.0,71.3,71.6,69.3,66.3,70.9
Australia,40-44,8.8,9.2,9.8,10.1,10.6,11.1,11.6,13.0,14.5,14.5,15.1,15.2,15.2,15.4,14.4,14.6,15.3,15.4,16.0,15.5,15.1,15.6
Australia,45-49,0.4,0.4,0.4,0.5,0.5,0.5,0.6,0.7,0.7,0.7,0.8,0.9,1.0,0.9,1.0,1.1,1.3,1.2,1.3,1.3,1.2,0.8
Austria,15-19,13.7,13.7,13.8,13.2,13.7,12.8,12.0,11.2,11.3,10.4,10.2,9.1,8.6,8.1,7.4,7.6,7.2,6.8,5.5,5.2,5.0,4.2
Austria,20-24,65.5,60.6,60.7,57.0,58.1,55.4,53.8,51.3,51.1,48.8,48.3,46.0,43.7,42.8,42.3,40.9,42.5,40.5,38.3,36.0,34.1,32.8
Austria,25-29,96.8,92.6,96.3,94.2,95.5,93.8,91.5,88.5,89.7,86.1,88.9,86.8,87.6,85.9,87.7,87.9,89.1,89.0,85.9,83.7,84.3,85.8
Austria,30-34,67.0,67.7,72.8,73.4,77.2,79.3,82.1,82.0,84.3,85.1,89.7,90.9,92.7,93.1,96.1,98.7,101.1,100.9,98.8,99.3,98.5,102.6
Austria,35-39,25.2,25.8,28.7,30.3,32.5,33.2,34.4,35.8,38.1,39.7,42.6,44.0,45.9,47.5,49.3,52.2,55.2,55.8,55.1,55.9,53.9,57.9
Austria,40-44,4.7,5.1,5.5,5.9,5.9,6.2,6.7,6.8,7.3,7.8,8.0,8.6,8.9,9.4,9.6,10.5,11.1,11.1,11.7,12.3,11.8,12.7
Austria,45-49,0.1,0.3,0.3,0.3,0.2,0.3,0.3,0.3,0.4,0.3,0.4,0.4,0.5,0.5,0.5,0.6,0.6,0.6,0.8,0.8,0.8,0.6
Belgium,15-19,11.5,11.8,10.9,10.7,10.7,10.5,10.4,10.5,10.3,10.3,9.6,9.4,8.8,7.3,7.2,6.6,6.2,5.9,5.5,5.1,4.9,4.5
Belgium,20-24,61.6,60.8,58.3,57.9,59.0,57.8,58.2,58.0,59.2,57.7,56.3,53.2,50.9,46.5,44.7,42.1,41.3,38.1,35.7,34.5,34.1,31.4
Belgium,25-29,131.1,130.1,127.2,126.1,128.7,129.9,131.3,130.2,131.5,130.4,130.9,127.0,124.6,121.3,118.6,114.7,112.4,107.9,104.0,102.1,98.1,99.2
Belgium,30-34,93.3,94.2,95.4,98.8,102.7,106.8,110.4,112.4,115.0,115.3,118.5,116.0,116.2,115.9,116.0,114.1,114.8,114.8,115.9,114.9,111.9,119.6
Belgium,35-39,30.9,31.6,31.7,33.7,36.3,38.9,41.4,43.5,45.4,45.3,47.8,47.8,49.2,50.1,51.2,51.2,51.3,51.4,51.2,52.2,49.9,53.3
Belgium,40-44,5.0,5.3,5.5,5.6,6.4,6.7,7.1,7.6,8.0,8.2,9.1,9.1,9.5,9.7,10.4,10.2,10.5,11.3,11.7,11.9,11.7,12.2
Belgium,45-49,0.3,0.2,0.3,0.3,0.3,0.4,0.4,0.5,0.5,0.4,0.4,0.4,0.5,0.5,0.6,0.7,0.7,0.7,0.8,0.9,0.8,0.9
Canada,15-19,17.0,16.0,14.9,14.4,13.5,13.2,13.4,13.9,14.1,14.1,13.2,12.3,12.1,11.2,10.3,9.4,8.4,7.8,6.7,6.2,5.7,4.9
Canada,20-24,59.0,56.5,54.2,53.0,51.2,50.7,51.4,52.6,53.2,51.5,48.3,46.1,44.6,42.8,42.4,40.9,39.4,37.1,34.1,31.9,29.7,27.1
Canada,25-29,98.8,100.4,97.9,99.6,98.7,99.0,100.5,101.9,102.4,101.3,97.3,96.3,96.3,94.1,93.9,92.2,91.1,87.2,83.9,81.0,76.5,76.7
Canada,30-34,86.3,91.4,91.3,94.6,97.4,99.4,103.3,106.1,107.6,107.4,106.3,106.6,107.7,108.1,109.0,109.4,110.2,108.0,106.7,105.5,101.6,106.4
Canada,35-39,34.0,35.7,36.4,38.8,40.4,42.6,45.8,48.5,50.2,50.7,51.7,52.4,53.4,53.7,54.8,55.9,56.6,57.1,57.2,57.3,55.2,57.8
Canada,40-44,5.9,6.1,6.2,6.5,6.9,7.1,7.4,7.9,8.5,9.3,9.9,10.3,10.6,10.7,10.9,11.4,11.4,11.7,12.1,12.4,12.3,12.2
Canada,45-49,0.2,0.2,0.2,0.3,0.3,0.3,0.3,0.4,0.4,0.4,0.4,0.5,0.5,0.6,0.6,0.7,0.7,0.8,0.8,0.8,0.8,0.8
Colombia,15-19,79.3,75.9,72.5,73.6,75.0,74.7,75.6,76.1,76.0,74.0,68.8,70.0,72.6,69.3,67.4,64.0,61.6,61.1,58.8,56.6,53.2,51.8
Colombia,20-24,118.0,112.0,107.5,108.4,108.5,106.8,104.0,101.8,106.3,103.0,94.9,95.3,96.8,93.4,93.9,91.0,89.6,90.3,88.6,88.0,86.9,83.1
Colombia,25-29,99.6,93.3,88.5,88.0,88.2,87.1,86.0,84.6,91.5,88.1,81.0,80.3,78.9,76.0,77.9,78.0,76.4,77.3,77.2,76.3,75.5,73.1
Colombia,30-34,68.5,65.7,63.1,63.9,64.0,62.1,60.2,58.2,62.2,61.2,58.0,59.6,59.7,58.3,59.7,59.5,56.9,56.9,55.8,55.3,53.6,52.4
Colombia,35-39,40.0,37.7,35.9,35.1,35.1,34.6,33.4,32.9,35.8,34.4,32.0,32.4,31.8,31.2,32.4,32.9,32.2,33.5,32.9,32.1,31.0,30.1
Colombia,40-44,11.9,11.7,11.0,11.1,11.3,10.9,10.4,9.8,10.2,9.8,9.0,9.2,9.2,8.8,8.7,8.8,8.5,8.8,8.9,8.8,8.8,8.9
Colombia,45-49,1.2,1.1,1.0,1.0,1.0,1.0,1.0,1.0,1.0,0.8,0.8,0.8,0.8,0.7,0.7,0.7,0.7,0.7,0.7,0.7,0.7,0.7
Costa Rica,15-19,86.0,76.7,70.3,70.8,69.3,66.2,65.6,68.0,70.9,68.7,62.8,65.4,67.1,61.6,59.7,55.9,53.2,50.2,48.3,40.9,31.8,26.6
Costa Rica,20-24,133.7,129.1,118.4,119.3,116.0,111.3,109.5,111.0,110.8,106.7,99.3,100.8,98.9,93.5,93.3,92.5,90.6,87.8,87.2,81.4,70.1,63.7
Costa Rica,25-29,118.0,113.1,102.0,103.3,100.4,98.5,96.1,96.1,97.2,96.8,90.1,90.4,86.9,84.4,85.3,84.8,84.4,83.3,83.3,79.3,72.8,70.4
Costa Rica,30-34,81.9,81.5,74.8,75.5,72.8,71.0,67.7,68.3,68.7,67.2,65.8,67.2,66.7,63.7,68.2,68.6,65.6,65.5,64.5,61.8,58.9,57.1
Costa Rica,35-39,44.2,42.7,39.8,38.5,37.6,35.9,35.3,34.2,34.8,36.4,32.9,35.3,34.4,34.7,34.9,36.9,35.5,36.0,37.6,36.4,34.9,33.7
Costa Rica,40-44,13.2,11.8,11.1,10.5,10.3,9.7,9.2,9.3,9.1,9.4,8.4,8.3,9.2,8.8,8.9,9.6,8.9,9.3,9.3,9.7,9.3,9.1
Costa Rica,45-49,1.2,1.2,0.9,0.9,0.9,0.7,0.6,0.7,0.7,0.6,0.7,0.6,0.5,0.6,0.6,0.7,0.6,0.5,0.6,0.4,0.6,0.5
Czech Republic,15-19,13.2,11.5,11.6,11.4,11.4,11.0,11.0,11.2,11.6,11.9,11.5,11.2,11.9,11.7,11.9,11.6,11.8,11.8,10.8,9.9,9.2,8.0
Czech Republic,20-24,67.8,61.5,58.5,54.0,51.0,49.1,47.3,48.7,48.7,47.7,46.6,42.4,42.4,41.9,43.0,45.5,49.4,50.8,51.3,49.7,49.7,47.6
Czech Republic,25-29,91.0,92.5,93.9,94.6,97.8,101.4,102.2,106.8,107.3,104.3,101.5,93.6,93.4,92.3,95.6,97.0,99.4,103.7,105.3,107.9,108.9,117.5
Czech Republic,30-34,43.2,48.3,52.9,57.4,64.6,72.2,79.4,90.1,97.0,97.9,100.1,95.8,98.0,98.1,104.4,106.3,109.2,111.9,112.5,111.4,110.4,122.5
Czech Republic,35-39,14.5,15.3,16.9,17.6,20.2,22.8,26.0,30.7,34.6,36.3,38.6,37.2,38.4,39.9,43.2,45.3,47.6,49.8,51.5,52.5,53.3,58.7
Czech Republic,40-44,2.1,2.5,2.8,3.1,3.4,3.7,4.1,4.7,5.3,5.6,5.9,6.1,6.6,7.1,7.4,8.5,8.7,9.1,9.8,9.9,10.2,10.9
Czech Republic,45-49,0.1,0.1,0.1,0.1,0.1,0.1,0.2,0.2,0.2,0.2,0.3,0.3,0.3,0.3,0.4,0.4,0.5,0.5,0.7,0.8,0.7,0.8
Denmark,15-19,7.9,7.6,6.5,6.0,5.6,5.6,6.0,5.7,6.0,5.5,5.0,4.6,4.4,4.2,3.6,3.4,3.5,2.8,2.4,2.0,1.6,1.3
Denmark,20-24,52.6,51.3,48.7,46.4,44.8,43.4,43.5,41.9,45.3,42.2,42.6,38.3,37.1,34.4,34.2,33.9,35.0,34.4,31.5,28.9,25.3,23.7
Denmark,25-29,128.5,127.0,123.0,125.6,126.1,126.1,127.6,126.3,125.5,122.5,122.4,113.6,111.9,106.4,108.5,109.2,114.6,111.7,109.1,107.0,105.5,106.6
Denmark,30-34,115.3,113.0,115.7,121.2,125.7,127.1,131.6,130.0,133.8,130.5,133.8,126.1,124.0,121.3,121.9,125.2,129.5,127.5,128.3,127.8,128.0,132.9
Denmark,35-39,43.6,44.0,45.6,46.6,47.4,49.2,51.5,55.3,57.0,56.3,58.9,55.8,55.5,54.3,56.4,57.5,61.1,60.2,60.7,60.7,61.5,67.0
Denmark,40-44,6.7,6.8,7.2,7.7,7.6,8.3,8.8,9.2,9.5,9.6,9.6,9.8,10.1,10.4,11.0,11.1,11.6,12.1,12.5,12.5,12.7,13.4
Denmark,45-49,0.2,0.2,0.3,0.3,0.3,0.3,0.3,0.4,0.5,0.5,0.5,0.5,0.6,0.6,0.5,0.6,0.6,0.7,0.7,0.8,0.8,1.0
Estonia,15-19,26.4,24.8,23.0,22.0,22.6,22.6,22.9,25.1,23.8,21.0,17.5,16.2,15.3,16.3,15.6,12.5,10.5,10.1,9.6,8.5,7.9,5.7
Estonia,20-24,84.6,79.8,76.7,75.7,78.0,74.3,73.9,77.1,73.4,68.2,65.3,58.6,56.7,55.1,54.4,52.9,48.0,48.0,46.8,46.7,42.4,39.7
Estonia,25-29,82.4,80.6,86.3,86.8,94.0,97.8,104.2,107.6,110.2,112.0,112.6,101.1,98.0,93.8,95.4,98.5,101.2,98.0,102.0,102.6,94.4,96.9
Estonia,30-34,52.7,51.9,56.7,57.9,64.5,69.8,74.1,81.2,86.8,85.2,92.1,91.3,85.8,82.4,84.7,89.1,95.4,95.2,103.5,101.3,98.8,102.6
Estonia,35-39,19.5,21.5,24.0,25.6,29.3,32.8,35.2,39.6,42.2,45.0,46.7,46.1,46.2,47.9,47.3,50.4,52.4,53.2,57.5,58.7,57.4,59.2
Estonia,40-44,4.8,4.2,4.8,4.5,5.1,5.8,6.6,7.8,8.7,9.6,10.7,10.2,11.3,9.9,11.3,12.9,13.9,14.7,15.9,15.7,15.5,17.0
Estonia,45-49,0.2,0.2,0.1,0.3,0.2,0.2,0.2,0.3,0.5,0.3,0.2,0.4,0.5,0.4,0.6,0.6,0.5,0.9,0.8,1.1,1.1,1.2
Finland,15-19,10.0,10.6,11.2,10.3,10.6,10.3,9.4,9.1,8.6,8.5,8.4,7.7,7.5,7.3,7.2,6.2,5.5,4.9,4.3,4.1,3.9,3.7
Finland,20-24,60.4,59.7,57.2,57.0,58.0,57.4,58.4,58.8,59.0,59.4,57.1,54.8,53.7,50.8,49.5,46.4,43.3,39.4,36.1,33.8,32.5,30.8
Finland,25-29,115.6,114.1,112.5,115.5,116.1,116.3,116.8,115.0,114.6,115.7,116.8,113.1,110.9,105.8,103.6,98.0,92.3,86.3,80.7,75.7,77.0,80.4
Finland,30-34,102.7,101.9,102.9,107.0,111.5,112.9,117.9,117.1,119.0,119.5,120.3,118.4,116.0,114.5,111.1,109.8,102.1,99.8,94.5,91.7,95.0,103.7
Finland,35-39,46.3,47.5,47.9,49.4,51.1,51.5,53.0,53.8,55.6,56.5,58.6,59.0,59.9,59.1,58.1,57.1,55.8,54.0,53.2,51.8,53.1,57.8
Finland,40-44,9.3,9.7,9.8,10.8,11.0,10.7,11.0,11.4,11.4,11.9,11.6,12.1,12.5,12.5,12.3,12.2,14.1,13.3,12.7,12.3,12.5,14.7
Finland,45-49,0.5,0.5,0.6,0.5,0.5,0.6,0.5,0.5,0.6,0.4,0.6,0.7,0.7,0.6,0.8,0.7,0.8,0.8,0.7,1.0,0.9,1.0
France,15-19,12.3,12.7,12.0,11.7,11.7,11.5,11.5,11.4,11.5,11.1,11.1,10.7,10.7,10.1,9.9,9.2,8.5,8.0,7.7,7.5,7.0,6.4
France,20-24,64.1,64.8,63.0,62.4,63.5,63.0,64.1,62.1,63.0,62.4,62.6,61.0,60.0,58.0,57.2,54.4,52.2,50.2,48.3,48.0,45.2,42.3
France,25-29,138.7,136.1,134.6,134.3,134.1,133.2,136.0,133.8,134.3,133.7,134.2,132.1,130.8,129.2,128.5,124.6,121.2,118.2,115.5,114.1,111.5,110.1
France,30-34,109.3,110.0,110.2,112.2,114.1,117.2,120.8,120.2,123.1,124.3,127.1,126.1,126.5,125.2,126.5,124.8,124.3,123.0,122.9,122.7,121.0,125.5
France,35-39,45.4,46.2,46.7,47.4,48.9,50.7,54.1,54.7,56.3,56.6,57.8,58.1,59.3,60.8,62.9,63.5,63.6,63.6,63.5,63.6,63.0,66.2
France,40-44,8.9,9.2,9.4,9.8,10.2,10.7,11.1,11.4,11.7,11.9,12.4,13.0,13.2,13.6,14.1,14.0,14.2,14.7,15.3,15.9,16.0,16.5
France,45-49,0.3,0.4,0.4,0.4,0.5,0.5,0.5,0.5,0.6,0.6,0.7,0.7,0.7,0.7,0.8,0.8,0.8,0.9,0.9,1.0,0.9,1.0
Germany,15-19,12.9,12.9,12.3,11.6,10.9,10.6,10.1,9.9,9.8,9.1,8.9,8.3,8.0,7.8,7.8,7.8,9.2,8.0,7.4,6.9,6.5,5.9
Germany,20-24,56.9,54.6,52.4,50.5,49.5,47.3,45.3,43.9,42.1,39.6,38.9,37.4,37.1,35.9,35.7,35.8,39.3,36.7,35.8,34.0,32.5,31.2
Germany,25-29,92.6,88.5,86.8,86.3,86.4,83.7,82.4,83.2,82.3,80.0,81.1,80.0,80.0,79.1,81.4,82.4,87.1,85.5,84.3,82.2,81.5,82.6
Germany,30-34,78.3,76.8,77.7,78.5,81.5,82.0,82.5,87.6,90.0,89.7,93.1,93.8,95.6,97.3,102.1,104.3,109.6,109.4,109.8,109.5,109.8,115.2
Germany,35-39,30.3,30.8,32.2,33.6,35.5,36.2,37.4,40.5,42.4,43.5,46.8,49.0,51.5,53.8,57.0,58.7,62.3,62.3,63.3,62.7,62.8,66.3
Germany,40-44,5.0,5.0,5.3,5.5,5.8,6.2,6.6,7.1,7.7,8.0,8.4,8.7,9.1,9.5,10.4,11.0,12.2,12.7,13.5,13.6,13.8,14.6
Germany,45-49,0.2,0.2,0.2,0.2,0.2,0.2,0.3,0.3,0.3,0.3,0.4,0.4,0.4,0.4,0.4,0.5,0.5,0.6,0.7,0.7,0.7,0.7
Greece,15-19,8.9,11.1,10.7,10.8,10.6,9.8,10.6,10.3,11.3,11.1,10.9,9.6,8.5,8.1,8.1,8.4,9.2,8.7,8.5,8.4,8.5,7.4
Greece,20-24,43.4,45.0,44.4,43.6,41.3,40.9,43.4,43.1,44.9,44.0,42.7,37.6,33.0,28.8,27.6,26.5,28.1,27.5,27.2,26.0,27.0,24.0
Greece,25-29,81.2,83.1,84.9,84.0,84.0,82.7,83.5,82.2,84.8,84.1,82.4,78.5,77.2,72.2,70.1,68.7,68.8,65.7,64.4,61.9,64.6,64.1
Greece,30-34,76.9,74.0,76.9,78.6,81.7,86.9,92.6,92.8,100.4,99.6,97.6,93.7,91.4,89.6,91.4,94.7,98.8,96.1,95.8,94.6,96.4,101.5
Greece,35-39,33.6,31.2,33.1,35.5,37.7,40.0,41.7,43.8,47.8,50.7,51.1,48.8,47.6,47.9,50.3,53.6,56.1,56.0,57.1,58.3,61.6,66.7
Greece,40-44,6.7,5.7,6.2,6.5,7.1,7.3,8.2,8.8,9.6,10.6,10.8,10.0,10.2,10.2,10.4,11.5,12.8,13.2,13.9,14.7,15.3,17.6
Greece,45-49,0.7,0.5,0.6,0.7,0.6,0.7,0.9,0.9,1.2,1.3,1.5,1.5,1.5,1.6,1.3,1.6,1.8,1.9,2.2,2.3,2.1,2.8
Hungary,15-19,23.3,21.8,21.4,20.6,20.7,20.0,19.7,19.4,20.1,19.5,17.9,18.0,19.2,21.1,23.1,22.8,24.9,23.0,22.0,21.1,21.4,18.9
Hungary,20-24,70.2,65.0,60.7,56.4,51.8,50.0,48.3,45.3,46.1,44.4,40.1,39.0,41.9,41.7,43.7,44.3,46.8,47.0,47.3,48.4,49.6,49.3
Hungary,25-29,94.6,92.7,92.5,88.8,88.5,89.2,89.5,85.5,85.3,81.3,73.9,69.9,77.9,76.4,78.9,77.5,80.6,80.8,80.1,82.8,84.3,87.3
Hungary,30-34,54.4,58.1,60.1,62.0,66.2,72.1,78.3,78.8,80.6,79.8,77.0,76.4,81.5,81.4,88.5,88.7,94.1,95.3,96.3,94.0,96.5,98.0
Hungary,35-39,19.2,21.1,22.2,23.3,25.2,27.3,29.1,29.7,32.1,33.8,35.4,37.1,39.3,40.7,43.6,45.0,47.9,49.9,50.0,51.5,52.6,54.8
Hungary,40-44,3.4,3.7,4.1,4.0,4.4,4.8,4.9,5.7,6.1,6.4,6.7,7.2,7.5,8.2,9.0,10.2,10.7,11.2,11.5,11.4,11.4,11.6
Hungary,45-49,0.2,0.1,0.1,0.1,0.1,0.2,0.2,0.2,0.2,0.3,0.3,0.2,0.3,0.3,0.3,0.4,0.4,0.5,0.5,0.6,0.7,0.8
Iceland,15-19,22.9,19.6,18.5,16.1,12.5,14.2,13.6,14.1,14.5,14.6,13.0,11.0,11.4,7.4,7.6,8.0,6.7,6.0,5.3,4.4,4.8,3.3
Iceland,20-24,88.4,79.2,75.4,76.5,76.8,81.7,79.4,77.4,77.7,73.8,71.8,63.0,63.3,62.2,64.7,54.4,48.8,48.9,48.4,45.9,45.2,44.8
Iceland,25-29,130.8,127.3,120.7,128.8,132.9,129.4,128.2,133.3,136.5,142.0,137.5,128.4,134.4,117.7,122.3,115.7,108.8,108.0,108.4,106.8,108.8,121.3
Iceland,30-34,112.0,100.0,107.6,116.3,118.7,114.0,120.4,121.9,120.0,131.8,128.5,122.3,117.7,117.0,112.1,107.1,108.4,107.2,106.5,112.1,114.2,115.2
Iceland,35-39,50.9,54.0,54.4,48.6,55.2,57.6,61.5,60.1,68.5,68.3,73.8,63.3,65.8,65.8,65.0,62.1,60.3,57.5,59.1,62.3,56.9,64.6
Iceland,40-44,10.5,10.0,10.0,11.8,11.3,10.8,11.2,10.2,13.6,14.9,14.2,14.7,15.3,15.3,13.2,13.2,14.6,13.6,13.2,16.1,14.7,15.6
Iceland,45-49,0.4,0.3,0.7,0.4,0.4,0.9,0.3,0.9,0.9,0.7,0.2,0.9,0.5,1.7,1.5,1.1,1.8,1.2,1.4,2.1,1.6,1.1
Ireland,15-19,19.6,19.9,19.5,19.1,17.3,16.8,16.2,17.3,16.5,15.7,14.6,12.3,11.7,9.8,8.6,8.3,7.4,6.8,6.2,5.4,4.9,4.4
Ireland,20-24,51.5,52.6,52.6,50.5,49.1,45.7,47.8,48.6,50.4,50.0,49.6,48.8,48.3,46.0,43.5,42.1,38.5,37.1,35.6,31.7,27.5,27.8
Ireland,25-29,93.8,94.0,93.7,92.1,87.9,78.3,80.5,83.8,88.5,90.8,90.5,89.0,87.4,84.1,82.8,79.9,75.3,73.1,72.2,69.4,64.2,67.5
Ireland,30-34,128.0,131.9,133.6,132.4,131.4,128.4,129.5,137.0,138.8,135.9,136.2,135.7,129.9,127.2,125.9,123.9,123.6,120.5,119.9,119.3,115.4,130.1
Ireland,35-39,71.2,74.9,79.7,81.5,83.8,85.8,89.9,95.6,98.4,98.5,97.9,97.9,97.3,96.5,96.1,95.1,94.4,93.6,93.0,92.3,88.9,100.6
Ireland,40-44,13.4,13.9,14.4,15.6,16.0,16.8,18.1,19.4,19.7,20.9,21.6,22.3,22.6,22.1,22.2,22.2,22.6,21.6,22.8,22.1,22.7,23.2
Ireland,45-49,0.5,0.6,0.6,0.5,0.5,0.6,0.7,0.8,1.1,1.1,1.1,1.1,1.4,1.4,1.5,1.3,1.8,1.8,1.7,1.9,2.0,1.5
Israel,15-19,17.8,17.3,16.8,16.5,16.3,15.6,15.0,14.7,14.6,14.3,13.8,13.1,12.1,10.4,10.7,10.2,9.1,9.2,8.2,7.56,7.0,6.6
Israel,20-24,124.4,120.3,116.7,117.6,116.7,110.6,110.6,108.6,110.8,112.0,113.5,112.6,114.5,106.4,114.6,113.7,106.1,105.0,102.15,98.45,93.8,91.5
Israel,25-29,201.1,194.2,193.9,197.1,188.3,180.7,176.9,174.2,174.8,174.1,178.2,177.3,181.0,174.6,184.9,187.0,179.4,178.1,176.83,171.9,166.4,170.3
Israel,30-34,169.2,169.2,172.8,177.0,175.3,172.5,175.2,177.1,177.9,177.7,177.3,173.4,178.5,177.2,186.1,189.0,183.4,185.5,184.17,178.23,174.0,184.4
Israel,35-39,87.2,88.0,91.1,93.5,94.4,95.0,98.9,100.5,102.4,104.3,107.6,106.4,107.9,105.2,110.6,110.6,108.6,109.7,110.26,110.03,105.9,112.8
Israel,40-44,21.5,22.2,22.2,23.5,23.8,23.6,24.1,24.5,24.8,26.3,27.7,28.4,29.5,29.1,29.9,31.5,31.5,31.2,31.44,31.37,29.7,30.9
Israel,45-49,1.6,1.4,1.5,1.7,1.8,2.0,2.2,2.3,2.4,2.3,2.5,2.7,2.7,3.1,3.1,3.0,3.6,3.6,3.25,3.31,3.4,3.1
Italy,15-19,7.2,6.9,7.0,6.9,7.2,7.0,6.8,6.8,7.2,6.9,6.7,6.5,6.4,5.9,5.6,5.1,4.8,4.3,4.1,3.7,3.3,2.9
Italy,20-24,34.2,33.7,33.1,32.3,34.4,34.1,34.6,35.3,36.6,36.2,35.1,34.0,33.4,31.5,30.5,28.8,27.8,26.5,25.0,23.6,22.4,20.9
Italy,25-29,76.6,74.4,74.0,73.1,75.2,74.1,74.9,75.2,76.7,76.2,75.9,73.8,73.2,70.7,69.2,67.3,66.2,64.8,62.0,60.5,58.8,57.2
Italy,30-34,85.5,84.9,87.2,89.3,92.0,90.9,93.2,94.6,96.6,96.3,97.1,96.0,95.3,92.8,92.4,91.7,91.9,90.3,89.2,87.8,87.3,88.7
Italy,35-39,41.4,43.4,45.2,47.8,50.6,51.5,54.2,56.4,59.6,60.3,61.7,61.7,61.1,59.6,59.2,59.4,59.9,60.5,59.7,60.1,59.5,62.8
Italy,40-44,7.8,8.2,8.8,9.5,10.1,10.7,11.4,12.1,12.8,13.5,14.0,14.6,15.1,15.2,15.1,15.4,15.6,15.7,15.7,15.6,15.4,15.9
Italy,45-49,0.4,0.4,0.4,0.4,0.4,0.4,0.5,0.6,0.7,0.8,0.8,1.0,1.1,1.1,1.1,1.2,1.3,1.4,1.4,1.5,1.4,1.3
Japan,15-19,5.4,5.3,5.3,5.3,5.3,5.2,4.9,4.9,4.9,4.9,4.6,4.5,4.4,4.4,4.5,4.1,3.8,3.4,3.1,2.8,2.5,2.1
Japan,20-24,39.9,38.3,38.3,38.3,38.3,36.6,36.3,36.3,36.3,36.3,36.1,34.6,32.4,31.2,29.7,29.4,28.6,27.5,26.6,24.9,23.0,20.8
Japan,25-29,99.5,92.4,92.4,92.4,92.4,85.3,86.4,86.4,86.4,86.4,87.4,87.4,87.2,86.7,84.8,85.1,83.5,82.1,81.1,77.2,74.7,72.2
Japan,30-34,93.5,89.5,89.5,89.5,89.5,85.6,90.5,90.5,90.5,90.5,95.3,96.3,97.9,100.1,100.5,103.3,102.7,102.2,102.0,98.5,97.3,96.2
Japan,35-39,32.1,34.1,34.1,34.1,34.1,36.1,41.1,41.1,41.1,41.1,46.2,47.2,49.5,52.5,54.0,56.4,57.3,57.4,57.4,55.8,55.3,55.5
Japan,40-44,3.9,4.5,4.5,4.5,4.5,5.0,6.6,6.6,6.6,6.6,8.1,8.3,9.2,9.9,10.4,11.0,11.4,11.4,11.7,11.7,11.8,12.4
Japan,45-49,0.1,0.1,0.1,0.1,0.1,0.1,0.2,0.2,0.2,0.2,0.2,0.2,0.2,0.3,0.3,0.3,0.3,0.3,0.3,0.3,0.3,0.3
Korea,15-19,2.5,2.2,2.6,2.5,2.3,2.1,2.2,2.2,1.7,1.7,1.8,1.8,1.8,1.7,1.6,1.4,1.3,1.0,0.9,0.8,0.7,0.4
Korea,20-24,38.8,31.4,26.5,23.6,20.6,17.8,17.6,19.5,18.2,16.5,16.5,16.4,16.0,14.0,13.1,12.5,11.5,9.6,8.2,7.1,6.2,5.0
Korea,25-29,149.6,129.2,110.9,111.7,104.5,91.7,89.4,95.5,85.6,80.4,79.7,78.4,77.4,65.9,63.4,63.1,56.4,47.9,41.0,35.7,30.6,27.5
Korea,30-34,83.5,77.5,74.5,79.1,83.2,81.5,89.4,101.3,101.5,100.8,112.4,114.4,121.9,111.4,113.8,116.7,110.1,97.7,91.4,86.2,78.9,76.1
Korea,35-39,17.2,17.0,16.6,17.1,18.2,18.7,21.2,25.6,26.5,27.3,32.6,35.4,39.0,39.5,43.2,48.3,48.7,47.2,46.1,45.0,42.3,43.5
Korea,40-44,2.5,2.4,2.4,2.4,2.4,2.4,2.6,3.1,3.2,3.4,4.1,4.6,4.9,4.8,5.2,5.6,5.9,6.0,6.4,7.0,7.1,7.6
Korea,45-49,0.2,0.2,0.2,0.2,0.2,0.2,0.2,0.2,0.2,0.2,0.2,0.2,0.2,0.1,0.1,0.2,0.2,0.2,0.2,0.2,0.2,0.2
Latvia,15-19,24.1,22.4,21.3,22.4,21.4,21.6,23.7,25.0,25.5,22.0,18.1,19.7,20.3,19.9,19.8,18.0,15.4,14.7,12.1,12.6,10.5,9.8
Latvia,20-24,81.7,78.5,76.6,78.5,74.8,74.1,76.8,77.2,76.8,66.3,59.6,55.8,58.7,60.2,63.5,64.4,64.3,62.6,56.0,54.1,53.8,46.6
Latvia,25-29,77.7,75.2,80.1,84.0,80.8,90.0,93.2,100.0,101.7,95.7,88.4,84.9,92.4,96.4,103.6,103.3,106.8,102.7,98.7,98.1,92.4,101.3
Latvia,30-34,42.9,44.4,48.4,53.4,52.1,59.9,64.1,67.4,72.5,68.0,67.3,68.1,73.3,79.1,87.1,93.9,96.4,92.2,90.9,90.7,88.6,91.1
Latvia,35-39,17.8,18.6,19.4,20.6,23.1,26.1,27.9,31.7,33.6,34.0,31.6,32.7,37.2,40.8,46.4,50.0,52.8,53.3,51.2,52.7,50.4,51.5
Latvia,40-44,3.8,4.2,4.3,4.7,5.1,4.9,5.7,6.4,6.8,7.7,7.6,7.2,7.6,9.4,10.0,11.3,12.2,13.5,12.8,13.6,13.2,13.5
Latvia,45-49,0.2,0.2,0.3,0.2,0.2,0.3,0.3,0.3,0.3,0.3,0.3,0.2,0.3,0.4,0.3,0.7,0.7,0.7,0.8,0.7,0.8,0.8
Lithuania,15-19,24.7,21.2,20.9,21.0,20.0,19.7,20.4,19.4,19.3,16.1,13.2,14.1,14.5,14.2,13.6,14.1,13.3,12.2,11.2,10.1,8.2,6.6
Lithuania,20-24,96.3,84.9,80.4,77.2,73.0,69.6,67.1,66.0,65.8,61.8,54.1,55.6,55.9,53.6,53.3,53.9,51.0,47.1,44.2,43.5,39.0,35.0
Lithuania,25-29,84.3,82.0,79.0,84.1,87.1,89.7,93.6,96.1,103.1,109.4,114.1,116.8,117.0,115.0,113.3,117.5,115.5,109.4,105.9,102.7,92.5,86.3
Lithuania,30-34,47.4,44.5,44.3,46.1,49.1,53.2,56.2,60.6,68.3,76.5,81.1,83.6,88.6,89.6,97.2,103.1,105.3,103.2,106.1,104.2,98.8,91.9
Lithuania,35-39,18.7,18.4,16.7,19.0,20.2,21.0,22.1,24.4,26.9,30.7,30.8,33.1,35.4,36.7,40.1,44.6,44.6,45.1,49.7,51.4,48.2,44.6
Lithuania,40-44,4.4,4.4,4.1,4.2,4.1,4.3,4.5,4.5,5.2,5.2,5.6,6.1,6.7,7.1,7.5,8.0,8.6,9.0,9.7,10.2,10.3,8.7
Lithuania,45-49,0.2,0.2,0.2,0.2,0.2,0.2,0.2,0.2,0.1,0.2,0.3,0.2,0.2,0.2,0.3,0.3,0.3,0.3,0.3,0.4,0.5,0.3
Luxembourg,15-19,12.2,12.4,12.4,11.1,11.0,12.0,10.4,10.2,8.7,7.1,7.5,7.2,6.5,5.2,5.7,5.6,4.9,4.2,4.6,4.0,3.9,2.8
Luxembourg,20-24,66.9,59.8,58.6,56.3,55.0,53.7,54.5,46.1,41.9,43.3,41.9,41.2,41.2,34.1,33.6,30.7,28.5,24.3,23.2,23.5,23.3,23.0
Luxembourg,25-29,117.6,110.9,101.9,102.0,105.5,101.8,98.9,97.9,93.8,89.5,91.5,82.6,82.4,85.2,76.5,76.4,71.0,67.1,63.2,59.2,61.3,57.8
Luxembourg,30-34,104.7,100.9,100.1,101.8,105.9,102.3,106.0,104.3,112.0,110.2,114.9,106.4,111.9,107.7,104.4,102.5,99.9,105.7,102.1,96.8,100.0,105.5
Luxembourg,35-39,45.2,40.7,45.2,43.8,46.2,47.2,51.1,53.7,54.4,56.0,55.9,55.4,59.9,63.8,66.9,64.8,62.7,62.1,67.0,66.8,65.5,70.2
Luxembourg,40-44,7.1,7.5,7.6,8.3,8.2,8.6,8.8,9.2,10.0,10.8,13.4,11.5,12.8,14.0,12.1,12.9,15.5,15.4,16.3,16.8,17.8,17.3
Luxembourg,45-49,0.3,0.3,0.3,0.4,0.3,0.3,0.2,0.4,0.4,0.7,0.7,1.0,0.7,0.7,1.0,1.0,1.1,1.0,1.1,1.6,1.3,1.6
Mexico,15-19,83.8,82.2,80.6,76.8,77.7,77.7,74.8,81.0,82.4,82.9,84.7,84.0,83.2,83.2,81.8,74.4,71.5,69.9,66.3,62.3,42.4,49.9
Mexico,20-24,166.7,160.9,157.5,151.9,151.2,148.0,143.2,149.2,146.4,141.9,143.8,139.1,137.0,136.5,134.9,128.5,124.1,118.8,113.2,107.8,81.2,93.8
Mexico,25-29,156.0,150.3,146.1,141.5,137.9,134.8,131.1,135.1,132.0,127.4,129.0,123.1,118.2,115.5,112.9,109.3,107.0,104.5,102.8,100.0,78.3,89.8
Mexico,30-34,108.7,104.5,102.2,100.4,98.5,97.4,94.7,97.5,95.0,91.2,92.3,87.8,84.7,83.0,82.0,79.2,77.4,75.4,73.1,71.1,57.4,65.8
Mexico,35-39,59.1,56.1,54.1,52.3,50.2,49.5,48.0,49.7,48.7,47.1,48.3,47.0,43.7,42.9,42.3,40.9,40.3,39.4,39.0,38.4,30.8,35.7
Mexico,40-44,20.3,18.9,17.6,16.8,15.5,15.0,14.5,14.7,13.9,13.0,13.2,12.0,11.7,11.7,11.5,11.1,10.8,10.5,10.3,10.3,8.3,9.9
Mexico,45-49,3.8,3.5,3.0,2.7,2.3,2.3,2.1,2.0,1.8,1.6,1.6,1.4,1.2,1.1,1.1,1.0,1.0,1.0,0.9,0.9,0.7,0.9
Netherlands,15-19,7.4,7.8,7.6,7.1,6.3,5.8,5.2,5.2,5.2,5.3,5.1,4.8,4.5,3.9,3.7,3.2,3.0,2.8,2.6,2.5,2.4,2.0
Netherlands,20-24,41.4,40.9,41.2,41.3,40.9,39.7,39.1,39.0,38.5,38.1,37.3,35.5,34.0,32.5,31.8,29.5,28.2,26.3,25.2,23.7,22.1,21.4
Netherlands,25-29,112.2,109.2,109.3,109.6,107.3,106.1,107.1,106.1,110.5,111.7,111.9,108.9,107.1,103.5,104.5,100.0,99.2,95.0,91.3,89.4,86.4,90.1
Netherlands,30-34,130.2,129.0,131.2,131.3,129.4,127.6,128.8,128.1,133.5,134.8,135.1,133.6,130.6,127.9,132.1,129.0,129.8,127.8,126.3,125.6,124.9,133.5
Netherlands,35-39,49.1,49.9,50.8,52.9,53.3,54.1,54.7,55.5,56.8,57.7,58.6,57.8,57.3,57.7,59.7,59.8,61.6,61.0,60.6,61.9,61.6,65.9
Netherlands,40-44,6.6,6.8,7.0,7.0,7.5,7.5,7.6,7.9,8.1,8.6,9.1,9.1,9.0,8.7,9.5,9.3,10.1,10.4,10.9,11.3,11.6,12.4
Netherlands,45-49,0.2,0.3,0.2,0.3,0.2,0.3,0.3,0.3,0.3,0.3,0.3,0.4,0.4,0.4,0.4,0.4,0.5,0.5,0.5,0.5,0.5,0.5
New Zealand,15-19,28.2,27.5,25.5,25.9,27.1,27.2,28.1,31.4,33.1,29.6,29.0,25.8,24.6,21.5,19.0,18.5,16.0,14.9,13.4,12.8,12.2,10.3
New Zealand,20-24,77.5,76.1,70.1,68.6,70.4,67.6,70.9,76.5,79.5,78.7,78.9,74.4,73.1,68.5,62.4,64.7,58.9,57.3,53.2,52.4,48.8,47.1
New Zealand,25-29,113.5,113.3,105.3,107.7,107.8,104.9,105.2,114.2,113.4,109.7,112.7,109.1,110.7,106.8,102.3,103.8,97.3,94.6,89.1,89.0,84.0,87.0
New Zealand,30-34,113.1,111.7,109.9,112.4,117.5,117.1,119.3,126.9,125.3,123.1,126.5,122.7,124.4,118.1,118.6,124.1,118.6,115.1,109.3,110.6,104.2,108.4
New Zealand,35-39,52.5,53.7,54.7,58.7,60.2,62.3,63.7,70.3,71.6,69.4,70.7,70.2,69.5,69.8,66.4,70.8,67.8,65.3,63.7,64.8,60.7,62.6
New Zealand,40-44,10.1,10.4,11.1,12.1,12.1,12.0,12.3,13.7,13.9,14.4,15.2,14.6,15.1,14.7,14.2,14.6,14.3,14.7,13.9,14.7,13.4,13.5
New Zealand,45-49,0.4,0.5,0.5,0.6,0.6,0.6,0.7,0.7,0.7,0.6,0.8,0.8,0.7,0.9,0.7,1.0,0.8,0.9,0.9,0.9,0.9,0.6
Norway,15-19,11.7,11.0,10.1,9.1,8.2,8.1,8.7,9.1,9.3,9.5,8.4,7.1,6.0,5.7,5.0,4.6,3.9,3.0,2.5,2.3,1.6,1.7
Norway,20-24,67.3,62.7,59.5,58.9,59.6,58.6,60.3,60.5,62.1,61.4,59.0,54.3,52.6,48.4,44.8,42.3,39.6,34.7,32.6,28.8,25.5,24.3
Norway,25-29,129.3,123.6,121.0,123.6,123.9,124.4,127.2,122.3,127.0,128.1,124.0,120.7,117.8,113.2,110.2,109.4,107.3,103.0,97.5,93.8,90.2,93.9
Norway,30-34,110.5,107.9,109.3,113.2,117.2,118.6,122.9,123.2,125.6,127.2,128.0,124.0,123.7,120.2,120.2,117.2,119.4,115.6,114.2,113.0,110.5,120.0
Norway,35-39,45.7,45.7,44.1,47.5,49.1,48.6,52.0,54.1,56.1,58.3,57.7,57.8,58.3,56.8,58.3,59.9,59.2,56.5,55.2,56.7,56.1,58.9
Norway,40-44,7.3,7.0,7.7,7.7,7.9,8.6,8.9,9.7,9.8,10.2,10.8,10.9,10.6,10.7,11.1,11.1,11.7,11.6,11.0,12.0,11.8,12.3
Norway,45-49,0.2,0.3,0.2,0.3,0.3,0.4,0.4,0.4,0.4,0.5,0.6,0.6,0.6,0.5,0.7,0.8,0.7,0.7,0.8,0.9,0.7,0.8
Poland,15-19,17.0,15.8,15.2,14.5,13.8,13.5,13.9,14.7,16.2,16.3,15.3,14.0,14.2,13.7,13.1,12.3,12.0,11.0,10.3,9.4,8.2,6.8
Poland,20-24,83.3,76.0,68.3,64.1,60.9,58.7,57.7,58.2,61.0,58.8,57.2,52.1,51.4,48.8,48.1,47.5,48.5,50.9,49.1,47.4,44.0,40.4
Poland,25-29,94.6,92.3,88.8,88.1,89.1,90.3,91.1,91.7,96.2,96.0,98.0,92.1,92.0,88.3,90.2,89.3,93.6,100.2,98.8,97.6,95.8,91.9
Poland,30-34,51.7,52.4,51.7,52.9,55.5,59.2,62.8,67.0,72.5,74.4,76.0,73.0,73.1,71.8,75.7,77.0,81.9,88.8,87.1,86.5,84.7,83.1
Poland,35-39,21.4,21.5,21.3,20.9,21.9,22.7,24.0,25.9,28.2,29.9,31.6,30.6,31.2,30.3,32.2,32.4,35.1,38.4,39.2,39.6,38.9,37.1
Poland,40-44,4.8,4.8,4.7,4.6,4.8,4.8,4.9,5.2,5.5,5.8,6.2,6.2,6.3,6.3,6.6,6.7,7.2,7.7,7.9,8.1,8.1,7.9
Poland,45-49,0.2,0.2,0.2,0.2,0.2,0.2,0.2,0.2,0.2,0.2,0.2,0.3,0.3,0.3,0.3,0.3,0.3,0.3,0.4,0.4,0.4,0.4
Portugal,15-19,21.6,20.5,20.9,19.9,19.5,18.9,17.0,16.8,15.9,15.2,14.3,13.1,12.0,10.5,9.1,8.3,7.9,7.8,7.4,7.6,6.5,5.8
Portugal,20-24,62.7,56.3,54.5,51.6,48.9,48.6,46.9,45.5,47.3,45.1,45.5,40.5,37.5,32.9,31.7,32.1,33.5,33.0,32.7,32.9,30.5,27.6
Portugal,25-29,100.7,92.6,92.8,89.4,85.5,85.0,81.0,78.2,79.7,76.0,78.4,75.1,71.4,66.9,65.9,67.8,67.8,68.8,69.5,68.1,68.3,64.1
Portugal,30-34,84.1,80.8,83.4,84.7,83.9,85.6,84.1,83.0,86.0,83.1,86.8,86.3,82.8,79.8,82.0,89.7,92.6,93.0,96.3,96.8,94.2,93.1
Portugal,35-39,34.2,33.6,35.0,35.7,36.2,37.8,38.6,39.5,42.0,41.4,43.9,45.3,43.4,42.4,46.3,51.2,56.1,57.8,61.1,62.5,63.2,61.1
Portugal,40-44,6.6,6.6,6.8,7.1,7.3,7.4,7.7,7.4,7.8,8.0,9.0,9.3,9.0,9.1,9.8,10.8,12.7,13.5,14.3,15.2,15.6,15.9
Portugal,45-49,0.5,0.4,0.4,0.4,0.5,0.4,0.4,0.3,0.4,0.5,0.4,0.4,0.5,0.5,0.6,0.5,0.7,0.7,0.9,0.9,1.1,1.2
Slovak Republic,15-19,23.8,21.2,21.2,20.5,20.3,20.3,20.3,20.7,21.6,21.9,23.0,22.0,21.6,22.1,23.7,24.3,26.2,26.7,26.3,26.9,25.8,26.0
Slovak Republic,20-24,84.3,73.3,68.4,65.0,65.4,61.4,57.1,54.6,55.4,57.2,54.2,52.3,49.0,49.3,48.9,50.0,53.6,55.8,57.2,57.7,58.3,59.8
Slovak Republic,25-29,89.2,84.3,83.4,85.6,88.0,89.0,85.8,84.9,87.9,93.6,89.6,89.4,83.4,81.8,81.0,83.3,87.6,89.7,90.3,91.4,94.9,96.7
Slovak Republic,30-34,44.2,43.5,46.1,50.5,55.0,59.2,62.9,66.4,72.9,79.7,81.8,85.7,76.1,76.0,78.6,80.9,84.1,86.4,87.5,87.8,89.0,92.2
Slovak Republic,35-39,15.9,15.4,16.2,17.1,18.7,20.6,22.1,24.2,27.3,31.4,33.2,35.4,32.8,33.7,35.4,36.0,38.1,39.0,40.2,41.2,41.3,43.1
Slovak Republic,40-44,3.0,3.0,3.0,3.1,3.7,3.6,3.7,4.1,4.4,5.5,5.8,6.3,5.8,5.8,6.4,7.0,7.1,7.4,7.6,8.0,8.4,8.5
Slovak Republic,45-49,0.1,0.1,0.1,0.1,0.1,0.2,0.2,0.2,0.3,0.2,0.3,0.4,0.2,0.2,0.2,0.2,0.4,0.2,0.3,0.4,0.5,0.4
Slovenia,15-19,7.5,6.7,6.0,5.8,5.3,6.1,4.7,5.1,5.1,5.4,4.9,5.2,4.5,4.7,5.0,4.5,4.1,4.0,3.8,4.6,4.2,3.4
Slovenia,20-24,58.6,51.5,46.4,44.4,43.4,40.6,39.2,39.2,43.2,41.9,42.4,42.0,43.8,44.1,42.3,41.6,40.0,42.8,42.7,42.0,40.7,39.3
Slovenia,25-29,102.6,98.2,97.5,94.5,97.4,96.5,99.4,102.7,109.5,110.1,111.9,110.3,110.2,108.3,110.6,109.8,110.6,111.4,109.4,108.4,109.5,114.0
Slovenia,30-34,59.8,62.7,67.2,70.5,75.5,79.0,86.3,93.1,104.6,105.3,108.5,106.5,107.8,103.8,104.9,106.5,107.7,109.9,107.8,107.0,107.0,112.1
Slovenia,35-39,19.5,19.6,21.8,21.8,23.7,26.1,29.2,31.8,38.6,39.4,42.4,43.8,43.7,42.2,45.9,43.9,45.5,46.6,48.0,49.9,47.1,48.6
Slovenia,40-44,3.1,2.9,3.4,3.5,4.3,4.2,4.6,5.4,5.6,5.7,6.0,6.3,7.5,7.4,7.5,8.5,9.2,9.5,9.1,10.1,9.7,9.4
Slovenia,45-49,0.1,0.1,0.1,0.1,0.2,0.3,0.2,0.2,0.2,0.2,0.4,0.2,0.4,0.3,0.4,0.3,0.5,0.5,0.6,0.5,0.4,0.4
Spain,15-19,8.8,9.6,9.9,10.6,10.7,11.4,12.0,12.8,13.3,11.8,10.6,9.5,9.0,8.4,8.1,7.7,7.3,7.0,6.2,6.0,5.3,4.6
Spain,20-24,24.9,26.3,27.7,28.8,30.3,30.6,32.5,34.7,38.0,34.9,33.8,30.8,29.3,27.0,26.7,26.2,25.7,25.2,24.1,23.9,22.6,20.3
Spain,25-29,66.5,64.5,63.6,64.3,63.6,63.1,64.3,64.0,67.1,63.0,61.7,59.5,57.9,55.8,57.9,57.5,57.1,54.7,51.7,49.8,47.8,45.7
Spain,30-34,94.2,94.6,95.6,98.3,98.9,99.4,99.2,97.1,99.8,94.9,94.5,93.6,91.7,88.2,92.1,93.3,93.3,90.8,86.9,84.3,80.7,82.8
Spain,35-39,42.5,44.8,46.5,49.4,51.1,53.0,55.3,57.1,60.6,60.4,61.7,63.0,62.7,60.9,63.6,65.3,66.4,65.8,64.4,64.1,62.3,64.6
Spain,40-44,6.7,7.2,7.6,8.2,8.7,9.3,9.9,10.3,11.3,11.6,12.3,13.1,14.1,14.4,15.2,15.9,16.5,16.8,16.9,16.7,16.4,17.2
Spain,45-49,0.3,0.4,0.4,0.4,0.4,0.5,0.7,0.7,0.7,0.9,0.9,0.8,0.9,0.9,1.1,1.1,1.3,1.4,1.5,1.5,1.4,1.6
Sweden,15-19,7.0,6.6,6.6,6.0,5.8,5.9,5.9,5.9,5.9,5.9,5.9,5.9,5.3,5.3,5.0,4.5,4.4,4.3,4.2,3.4,2.8,2.4
Sweden,20-24,47.3,46.7,47.7,47.1,46.9,46.7,47.6,49.6,51.1,50.5,50.7,47.9,47.3,45.7,44.5,43.6,43.1,41.0,40.4,38.2,34.9,32.4
Sweden,25-29,106.7,104.3,109.2,111.3,111.9,109.8,113.6,112.4,114.6,115.3,118.3,111.9,112.1,111.0,112.6,111.7,111.6,105.8,104.3,100.6,99.1,96.6
Sweden,30-34,97.3,102.4,110.7,118.1,122.4,124.8,131.2,131.8,132.3,134.4,137.8,131.8,133.2,132.8,131.1,128.0,127.4,123.4,122.3,119.2,118.2,122.7
Sweden,35-39,43.1,45.4,47.3,51.1,52.9,55.1,59.4,62.2,63.8,66.8,69.2,67.3,67.3,67.3,67.2,67.5,69.3,67.5,66.3,65.8,64.9,66.5
Sweden,40-44,7.7,8.2,8.9,9.6,10.7,10.7,11.5,12.3,12.1,12.8,13.3,13.6,13.9,14.0,14.6,14.2,15.0,15.1,14.3,15.2,15.1,15.7
Sweden,45-49,0.3,0.3,0.3,0.4,0.3,0.5,0.5,0.6,0.6,0.7,0.8,0.7,0.9,0.8,0.8,0.9,0.9,1.0,1.0,1.2,1.1,0.9
Switzerland,15-19,6.0,5.4,5.4,5.2,5.1,5.1,4.5,4.3,4.3,4.1,3.9,3.3,3.4,3.0,2.9,2.6,2.9,2.4,2.3,2.0,1.7,1.3
Switzerland,20-24,46.7,41.5,40.7,39.9,39.4,37.8,37.6,36.1,35.3,33.9,33.8,31.9,30.4,29.9,28.4,28.2,27.4,25.8,24.5,23.1,21.4,20.5
Switzerland,25-29,101.6,91.1,89.9,87.4,87.0,85.4,84.7,84.0,84.4,82.4,83.5,82.0,80.9,80.8,80.2,79.9,79.6,78.4,76.9,74.4,74.4,75.3
Switzerland,30-34,99.5,93.6,94.5,95.0,98.6,99.4,101.3,103.8,106.1,108.5,110.8,110.6,113.0,110.7,114.3,114.0,114.9,113.5,114.0,112.5,113.0,119.1
Switzerland,35-39,40.1,38.9,40.4,42.0,45.1,47.3,49.4,52.5,55.6,58.9,60.5,63.1,64.2,65.6,68.1,68.8,69.6,69.4,70.6,68.6,67.9,72.6
Switzerland,40-44,6.3,6.6,6.8,7.2,7.5,8.3,9.0,9.4,9.9,10.6,11.3,11.7,12.4,12.6,13.5,14.3,14.7,14.9,15.4,15.4,14.8,15.2
Switzerland,45-49,0.3,0.2,0.3,0.3,0.2,0.3,0.3,0.5,0.5,0.6,0.5,0.7,0.7,0.8,0.8,0.9,0.9,1.0,1.0,1.1,1.1,1.0
United Kingdom,15-19,28.9,27.7,26.7,26.6,26.9,26.4,26.6,25.9,25.7,24.8,23.4,21.2,19.9,17.4,15.6,14.5,13.7,12.7,11.9,11.2,10.0,8.4
United Kingdom,20-24,68.6,67.9,67.5,69.3,71.8,70.5,72.1,72.6,74.1,73.9,74.1,71.6,69.9,63.7,60.1,58.0,55.8,53.7,50.5,48.4,44.8,43.2
United Kingdom,25-29,94.2,91.5,90.5,94.1,96.5,96.0,97.9,100.1,103.0,102.4,104.1,104.3,105.1,101.5,100.8,100.8,98.8,95.3,91.3,88.3,84.6,84.6
United Kingdom,30-34,87.6,88.1,89.8,94.7,99.3,99.9,103.4,107.8,109.8,108.7,112.3,111.9,113.9,109.4,110.4,111.0,112.0,109.8,106.8,104.7,102.5,107.0
United Kingdom,35-39,41.1,41.4,42.7,45.9,48.8,50.3,53.6,56.5,57.8,58.1,60.3,62.1,63.7,62.9,64.5,66.0,66.9,65.1,63.4,61.9,59.8,62.8
United Kingdom,40-44,7.8,8.2,8.4,9.1,10.4,10.8,11.4,12.0,12.6,12.9,13.4,14.2,14.6,14.5,14.7,15.2,15.9,16.1,16.1,16.5,16.0,16.2
United States,15-19,47.7,45.0,42.6,41.1,40.5,39.7,41.1,41.5,40.2,37.9,34.2,31.3,29.4,26.5,24.2,22.3,20.3,18.8,17.4,16.7,15.0,13.9
United States,20-24,109.7,105.6,103.1,102.3,101.5,101.8,105.5,105.4,101.8,96.2,90.0,85.3,83.1,80.7,79.0,76.8,73.8,71.0,68.0,66.6,63.3,61.5
United States,25-29,113.5,113.8,114.7,116.7,116.5,116.5,118.0,118.1,115.0,111.5,108.3,107.2,106.5,105.5,105.8,104.3,102.1,98.0,95.3,93.7,90.9,93.0
United States,30-34,91.2,91.8,92.6,95.7,96.2,96.7,98.9,100.6,99.4,97.5,96.5,96.5,97.3,98.0,100.8,101.5,102.7,100.3,99.7,98.3,94.9,97.6
United States,35-39,39.7,40.5,41.6,43.9,45.5,46.4,47.5,47.6,46.8,46.1,45.9,47.2,48.3,49.3,51.0,51.8,52.7,52.3,52.6,52.8,51.8,53.7
United States,40-44,8.0,8.1,8.3,8.7,9.0,9.1,9.4,9.6,9.9,10.0,10.2,10.3,10.4,10.4,10.6,11.0,11.4,11.6,11.8,12.0,11.8,12.0
United States,45-49,0.5,0.5,0.5,0.5,0.5,0.6,0.6,0.6,0.7,0.7,0.7,0.7,0.7,0.8,0.8,0.8,0.9,0.9,0.9,0.9,0.9,0.9
Bulgaria,15-19,45.6,42.8,40.9,39.8,41.1,39.3,41.2,42.1,44.2,47.5,42.0,41.7,42.5,42.0,41.3,39.4,38.2,38.2,38.9,39.3,37.9,36.5
Bulgaria,20-24,89.7,84.4,84.1,83.4,85.5,83.2,84.6,82.9,84.0,84.6,76.3,70.4,70.1,69.5,71.2,69.7,70.3,71.5,69.3,69.3,67.6,67.3
Bulgaria,25-29,72.9,70.2,73.6,76.5,79.7,84.1,88.9,91.8,94.7,100.1,94.7,90.1,88.9,86.7,88.1,88.1,88.5,88.6,88.8,91.3,89.8,91.7
Bulgaria,30-34,32.3,32.5,34.3,37.7,42.5,48.4,53.6,58.0,63.4,68.3,69.2,66.8,65.8,64.6,68.5,69.7,71.2,71.5,72.3,72.8,71.3,73.6
Bulgaria,35-39,9.5,9.8,10.0,11.4,13.1,14.8,16.8,19.0,21.1,25.5,27.2,26.9,27.6,27.1,30.1,30.6,31.2,32.7,32.9,34.0,34.0,34.8
Bulgaria,40-44,1.9,1.8,1.7,1.8,2.2,2.2,2.3,2.9,3.3,4.0,4.3,4.5,4.4,4.7,5.4,5.9,6.6,7.1,7.2,7.7,7.8,7.8
Bulgaria,45-49,0.1,0.1,0.1,0.1,0.0,0.1,0.1,0.1,0.1,0.2,0.2,0.2,0.3,0.3,0.4,0.6,0.7,0.8,0.8,0.8,1.1,1.0
Cyprus,15-19,10.0,7.8,7.4,6.8,8.0,6.5,6.2,5.0,6.3,5.5,6.1,5.6,6.5,4.7,4.9,4.9,5.9,6.5,7.8,6.7,7.7,6.4
Cyprus,20-24,72.2,65.7,59.1,57.7,54.9,49.5,47.5,42.4,41.5,39.7,35.9,33.8,33.7,30.3,27.7,25.3,26.5,25.9,25.9,26.9,27.7,28.2
Cyprus,25-29,119.4,116.1,108.6,110.9,115.6,108.4,110.7,101.8,103.2,99.8,93.5,87.6,89.5,80.0,81.3,76.8,73.0,69.4,64.9,63.8,65.0,65.2
Cyprus,30-34,86.2,81.2,82.6,83.8,83.9,88.1,93.3,92.0,95.7,98.3,99.7,93.3,93.5,92.0,95.4,97.8,102.0,98.2,94.7,93.2,94.7,100.7
Cyprus,35-39,31.4,34.7,32.4,33.6,34.1,34.7,37.3,39.9,41.6,43.0,43.5,40.2,44.9,42.7,43.5,48.9,54.6,52.3,56.7,59.9,61.6,62.3
Cyprus,40-44,7.5,6.2,6.8,7.7,6.8,6.4,7.8,6.6,7.6,8.5,9.0,9.3,10.4,9.1,10.0,10.7,11.3,11.6,13.4,14.5,14.9,16.0
Cyprus,45-49,0.5,0.3,0.5,0.5,0.5,0.9,0.9,0.8,1.0,1.1,0.8,1.0,1.2,1.3,1.5,1.2,1.4,1.4,1.5,1.8,2.3,1.9
Malta,15-19,23.7,23.3,16.6,15.9,22.9,21.8,16.4,16.4,18.7,20.0,18.9,17.2,16.7,13.1,12.8,11.2,12.7,12.2,12.1,12.0,11.0,10.3
Malta,20-24,75.4,67.2,50.7,55.1,58.4,54.3,43.7,44.8,42.1,40.0,37.3,39.8,39.7,35.2,38.3,33.7,34.2,32.2,29.9,27.7,29.1,29.8
Malta,25-29,123.9,109.1,111.2,104.8,101.2,104.0,94.5,87.8,94.4,92.2,86.2,87.1,84.8,82.4,81.7,79.9,73.7,68.0,60.4,56.5,55.5,50.9
Malta,30-34,79.0,67.3,75.5,84.1,68.5,70.0,83.8,83.8,89.9,89.5,85.4,95.9,93.7,93.9,89.9,97.3,95.0,88.6,87.9,80.3,77.2,77.2
Malta,35-39,27.1,23.0,30.4,31.2,23.0,21.0,29.8,32.3,33.7,36.0,39.8,44.3,43.0,41.8,45.9,43.9,49.6,45.0,48.4,44.7,45.7,48.4
Malta,40-44,4.8,4.3,5.9,5.7,3.8,3.4,5.2,6.0,6.4,5.7,5.3,6.8,7.9,6.5,7.8,8.5,9.5,8.3,9.5,8.9,9.7,10.3
Malta,45-49,0.1,0.1,0.1,0.2,0.1,0.4,0.1,0.2,0.3,0.1,0.1,0.4,0.2,0.2,0.6,0.3,0.7,0.5,0.5,0.6,0.2,0.8
Romania,15-19,39.0,35.6,33.0,34.9,36.1,37.4,39.3,39.4,45.0,45.8,40.0,37.4,37.1,34.7,36.3,36.3,36.6,37.9,36.4,35.9,35.0,33.9
Romania,20-24,90.3,85.3,82.0,79.0,74.9,72.6,70.4,71.5,80.6,84.7,79.0,73.2,75.4,69.2,72.5,72.9,72.2,76.4,74.3,73.7,75.4,76.4
Romania,25-29,78.2,77.0,78.6,82.0,84.8,90.8,92.3,93.0,100.7,102.0,98.4,88.4,91.8,88.3,94.4,98.9,100.1,109.0,108.3,109.1,109.4,110.9
Romania,30-34,38.8,38.1,38.8,38.8,41.6,47.5,51.1,54.2,62.6,67.9,67.8,63.7,66.6,64.8,71.5,75.4,78.5,86.6,85.9,86.4,87.1,87.5
Romania,35-39,13.4,13.8,15.2,19.4,23.2,25.1,25.7,24.9,23.8,24.0,25.2,25.3,27.3,27.4,29.9,32.1,33.0,36.8,36.7,38.3,40.6,41.1
Romania,40-44,3.1,3.1,3.0,2.9,3.1,3.1,2.8,3.1,3.9,4.4,4.6,4.4,4.9,4.8,5.6,6.1,6.8,7.3,7.8,8.0,8.5,8.2
Romania,45-49,0.2,0.2,0.2,0.2,0.2,0.2,0.2,0.2,0.2,0.2,0.2,0.3,0.3,0.3,0.3,0.3,0.3,0.4,0.4,0.5,0.6,0.5
